Breed,Subspecies,Country/region of origin,Meat,Dairy,Draught,Other,Image2,,,,
Aberdeen Angus,Taurus,Scotland,Meat,Dairy,—,—, https://upload.wikimedia.org/wikipedia/commons/thumb/1/1a/Red-angus.jpg/800px-Red-angus.jpg     ,,,,
Abergele,—,Ethiopia,Meat,Dairy,Draught,—, https://upload.wikimedia.org/wikipedia/commons/5/54/Abergele_cattle.jpg     ,,,,
Abigar,Taurus,Ethiopia,—,Dairy,—,—,,,,,
Abondance,Taurus,France,Meat,Dairy,—,—, https://upload.wikimedia.org/wikipedia/commons/thumb/1/1c/Vache_d%27Abondance.jpg/800px-Vache_d%27Abondance.jpg     ,,,,
Abyssinian Shorthorned Zebu,Indicus,Ethiopia,—,—,Draught,—,,,,,
Aceh,—,Indonesia,Meat,—,—,—,,,,,
Achham,Indicus,Nepal,—,Dairy,—,—,,,,,
Adamawa,Taurus,Nigeria,Meat,Dairy,Draught,—,,,,,
Adaptaur,Taurus/Indicus hybrid,Australia,Meat,—,—,—, https://upload.wikimedia.org/wikipedia/commons/4/43/Adaptaur.jpg     ,,,,
Afar,—,Ethiopia,Meat,Dairy,—,—,,,,,
Africangus,Taurus/Indicus hybrid,South Africa,Meat,—,—,—,,,,,
Afrikaner,Indicus,South Africa,Meat,—,—,—, https://upload.wikimedia.org/wikipedia/commons/thumb/a/a5/Kuh_in_transkei.jpg/100px-Kuh_in_transkei.jpg     ,,,,
Agerolese,Taurus,Italy,—,Dairy,—,—,,,,,
Alambadi,Indicus,India,—,—,—,—,,,,,
Alatau,Taurus,Kazakhstan,Meat,Dairy,—,—,,,,,
Albanian,Taurus,Albania,—,Dairy,Draught,—,,,,,
Alderney,Taurus,Channel Islands,—,Dairy,—,—, https://upload.wikimedia.org/wikipedia/commons/thumb/1/14/The_domestic_animals_-_from_the_latest_and_best_authorities._Illustrated_%281860%29_%2814784573923%29.jpg/800px-The_domestic_animals_-_from_the_latest_and_best_authorities._Illustrated_%281860%29_%2814784573923%29.jpg     ,,,,
Alentejana,Taurus,Portugal,Meat,—,Draught,—, https://upload.wikimedia.org/wikipedia/commons/thumb/6/67/Algarve_-_086_%283468253840%29.jpg/800px-Algarve_-_086_%283468253840%29.jpg     ,,,,
Aliad Dinka,—,South Sudan,—,—,—,—,,,,,
Alistana-Sanabresa,—,Spain,—,—,—,—,,,,,
Allmogekor,Taurus,Sweden,Meat,—,Draught,—,,,,,
Alur,—,Democratic Republic of the Congo,—,—,—,—,,,,,
American,Taurus/Indicus hybrid,United States,Meat,—,—,—,,,,,
American Angus,—,United States,Meat,—,—,—, https://upload.wikimedia.org/wikipedia/commons/d/db/Angus_cattle_7.jpg     ,,,,
American Beef Friesian,—,United States,—,—,—,—,,,,,
American Brown Swiss,Taurus,United States,—,Dairy,—,—,,,,,
American Milking Devon,Taurus,United States,Meat,Dairy,Draught,—, https://upload.wikimedia.org/wikipedia/commons/thumb/0/06/Pair_of_Milking_Devons.jpg/800px-Pair_of_Milking_Devons.jpg     ,,,,
American White Park,Taurus,United States,Meat,Dairy,—,—,,,,,
Amerifax,Taurus,United States,Meat,Dairy,—,—,,,,,
Anatolian Black,Taurus,Turkey,Meat,Dairy,Draught,—, https://upload.wikimedia.org/wikipedia/commons/thumb/c/c6/Turkish_Nat%C4%B1ve_Black_Cattle_-_Yerlikara_03.jpg/100px-Turkish_Nat%C4%B1ve_Black_Cattle_-_Yerlikara_03.jpg     ,,,,
Andalusian Blond,—,Spain,—,—,—,—,,,,,use Image2
Andalusian Grey,—,Spain,—,—,—,—,,,,,
Angeln,Taurus,Germany,—,Dairy,—,—, https://upload.wikimedia.org/wikipedia/commons/thumb/0/0f/Rotes_Angler_Rind_01.JPG/800px-Rotes_Angler_Rind_01.JPG     ,,,,
Angoni,—,Malawi,—,—,—,—,,,,,
Ankina,—,United States,—,—,—,—,,,,,
Ankole,—,East Africa,Meat,Dairy,—,—, https://upload.wikimedia.org/wikipedia/commons/thumb/0/04/Ankole_Cattle.jpg/800px-Ankole_Cattle.jpg     ,,,,
Aracena,—,Spain,—,—,—,—,,,,,
Arado,—,Ethiopia,Meat,Dairy,Draught,—, https://upload.wikimedia.org/wikipedia/commons/thumb/e/e5/Arado_cattle.jpg/800px-Arado_cattle.jpg     ,,,,
Argentine Criollo,Taurus,Argentina,Meat,Dairy,—,—, https://upload.wikimedia.org/wikipedia/commons/6/66/Argentine_Criollo_Bull.png     ,,,,
Argentine Friesian,—,Argentina,—,Dairy,—,—,,,,,
Armorican,Taurus,France,Meat,Dairy,—,—, https://upload.wikimedia.org/wikipedia/commons/0/0e/Drev_chez_Yannig_Coulomb_%26_Ga%C3%ABlle_Kerl%C3%A9guer.jpg     ,,,,
Arouquesa,Taurus,Portugal,Meat,Dairy,—,—, https://upload.wikimedia.org/wikipedia/commons/thumb/1/18/Arouquesa2.jpg/800px-Arouquesa2.jpg     ,,,,
Arsi,—,Ethiopia,—,—,—,—,,,,,
Asturian Mountain,Taurus,Spain,Meat,Dairy,—,—, https://upload.wikimedia.org/wikipedia/commons/thumb/2/29/Asturiasko_mendiko_behia1.JPG/800px-Asturiasko_mendiko_behia1.JPG     ,,,,
Asturian Valley,Taurus,Spain,Meat,Dairy,—,—, https://upload.wikimedia.org/wikipedia/commons/3/37/Vaca_Asturiana_de_los_valles.jpg     ,,,,
Aubrac,Taurus,France,Meat,Dairy,—,—, https://upload.wikimedia.org/wikipedia/commons/thumb/9/90/Vache_Aubrac.jpg/800px-Vache_Aubrac.jpg     ,,,,
Aulie-Ata,Taurus,Kazakhstan,—,Dairy,—,—,,,,,
Aure et Saint-Girons,Taurus,France,Meat,Dairy,Draught,—, https://upload.wikimedia.org/wikipedia/commons/thumb/a/a2/Casta8-_SIA2010.JPG/800px-Casta8-_SIA2010.JPG     ,,,,
Australian Braford,Taurus/Indicus hybrid,Australia,Meat,—,—,—, https://upload.wikimedia.org/wikipedia/commons/thumb/7/7e/Australian_Braford.JPG/800px-Australian_Braford.JPG     ,,,,
Australian Brangus,Taurus/Indicus hybrid,Australia,Meat,—,—,—, https://upload.wikimedia.org/wikipedia/commons/thumb/0/00/Aus_Brangus.JPG/800px-Aus_Brangus.JPG     ,,,,
Australian Charbray,Taurus/Indicus hybrid,Australia,Meat,—,—,—, https://upload.wikimedia.org/wikipedia/commons/3/38/Charbray.jpg      ,,,,
Australian Friesian Sahiwal,Taurus/Indicus hybrid,Australia,—,Dairy,—,—, https://en.wikipedia.org/wiki/File:AFS_cow.jpg     ,,,,
Australian Lowline,Taurus,Australia,Meat,—,—,—, https://upload.wikimedia.org/wikipedia/commons/a/ae/Lowline_bull.jpg     ,,,,
Australian Milking Zebu,Taurus/Indicus hybrid,Australia,—,Dairy,—,—, https://upload.wikimedia.org/wikipedia/commons/e/e3/AMZ_cattle.jpg     ,,,,
Australian Shorthorn,—,Australia,Meat,—,—,—,,,,,
Austrian Simmental,—,Austria,—,—,—,—,,,,,
Austrian Yellow,—,Austria,—,—,—,—,,,,,
Avétonou,—,Togo,—,—,—,—,,,,,
Avileña-Negra Ibérica,—,Spain,—,—,—,—, https://upload.wikimedia.org/wikipedia/commons/thumb/6/6e/Avile%C3%B1as_2.jpg/800px-Avile%C3%B1as_2.jpg     ,,,,
Aweil Dinka,—,South Sudan,—,—,—,—,,,,,
Ayrshire,Taurus,Scotland,—,Dairy,—,—, https://upload.wikimedia.org/wikipedia/commons/thumb/c/cb/AyrshireCattle1.JPG/800px-AyrshireCattle1.JPG     ,,,,
Azaouak,—,Mali,—,—,—,—,,,,,
Azebuado,—,Brazil,—,—,—,—,,,,,
Azerbaijan Zebu,—,Azerbaijan,—,—,—,—,,,,,
Azores,—,Portugal,—,—,—,—,,,,,
Albera,Taurus,"Spain, France",Meat,—,—,Semi-feral,,,,,
Aleutian wild cattle,—,United States,—,—,—,Feral,,,,,
Amrit Mahal,Indicus,India,—,—,—,Developed from Hallikar cattle for war purposes,,,,,
Amsterdam Island cattle,Taurus,Amsterdam Island,—,—,—,Feral,,,,,
Andalusian Black,Taurus,Spain,Meat,—,—,Endangered,,,,,
Ankole-Watusi,Indicus,United States,,,,Show,,,,,
Breed,Subspecies,Country/region of origin,Meat,Dairy,Draught,Other,Image2,,,,
Bachaur cattle,Indicus,India,—,Dairy,Draught,—,,,,,
Baherie cattle,Indicus,Eritrea,Meat,Dairy,—,—,,,,,
Bakosi cattle,Taurus,Cameroon,Meat,—,—,Rituals,,,,,
Balancer,Taurus,United States,Meat,Dairy,—,Gelbvieh/American Angus crossbreed,,,,,
Bali cattle,Banteng,Indonesia,Meat,—,—,—, https://upload.wikimedia.org/wikipedia/commons/thumb/8/87/Bali_cattle_IPB_Jonggol.jpg/800px-Bali_cattle_IPB_Jonggol.jpg     ,,,,
Baoule,Taurus,Ivory Coast,—,Dairy,—,—,,,,,
Bargur cattle,Indicus,India,—,Dairy,Draught,"Semi-wild, native to Bargur forest region, bred and grazed by the local Lingayat community", https://upload.wikimedia.org/wikipedia/commons/thumb/5/5e/Baragur_02.JPG/800px-Baragur_02.JPG     ,,,,
Barrosã,Taurus,Portugal,Meat,—,Draught,—, https://upload.wikimedia.org/wikipedia/commons/thumb/2/25/Vaca_barros%C3%A3.JPG/800px-Vaca_barros%C3%A3.JPG     ,,,,
Barzona,Taurus/Indicus hybrid,United States,Meat,—,—,—,,,,,
Bazadaise,Taurus,France,Meat,—,—,—, https://upload.wikimedia.org/wikipedia/commons/thumb/6/6a/Bazadaise.jpg/800px-Bazadaise.jpg     ,,,,
Beef Freisian,Taurus,United States,Meat,Dairy,—,—,,,,,
Beefalo,Taurus/American bison hybrid,United States,Meat,—,—,—, https://upload.wikimedia.org/wikipedia/commons/thumb/3/35/XJ-B1_Beefalo.jpg/800px-XJ-B1_Beefalo.jpg     ,,,,
Beefmaker,Taurus/Indicus hybrid,United States,Meat,—,—,—,,,,,
Beefmaster,Taurus/Indicus hybrid,United States,Meat,—,—,—, https://upload.wikimedia.org/wikipedia/commons/thumb/2/2a/Beefmaster_Females.jpg/800px-Beefmaster_Females.jpg     ,,,,
Begayt,—,Ethiopia,Meat,Dairy,Draught,—,,,,,
Belgian Blue,Taurus,Belgium,Meat,Dairy,—,—, https://upload.wikimedia.org/wikipedia/commons/thumb/d/da/Sectio_caesarea.jpg/800px-Sectio_caesarea.jpg     ,,,,
Belgian Red,Taurus,"Belgium, France",Meat,Dairy,Draught,Endangered breed, https://upload.wikimedia.org/wikipedia/commons/thumb/c/c8/Puyenbroeck_Rood_West-Vlaams_rund_24-07-2011.png/800px-Puyenbroeck_Rood_West-Vlaams_rund_24-07-2011.png     ,,,,
Belgian Red Pied,Taurus,Belgium,Meat,Dairy,—,—,,,,,
Belgian White-and-Red,Taurus,Belgium,Meat,Dairy,—,—, https://upload.wikimedia.org/wikipedia/commons/thumb/f/f3/Puyenbroeck_Oost-Vlaams_witrood_rund_24-07-2011.png/800px-Puyenbroeck_Oost-Vlaams_witrood_rund_24-07-2011.png     ,,,,
Belmont Red,Taurus/Indicus hybrid,Australia,Meat,—,—,—, https://upload.wikimedia.org/wikipedia/commons/2/26/Belmont_Red.jpg     ,,,,
Belted Galloway,Taurus,Scotland,—,Dairy,—,—, https://upload.wikimedia.org/wikipedia/commons/thumb/7/71/Belted_Galloway_at_Gretna_Green.jpg/800px-Belted_Galloway_at_Gretna_Green.jpg     ,,,,
Bernese,—,Switzerland,—,—,—,—,,,,,
Berrenda cattle,Taurus,Spain,Meat,Dairy,Draught,Sport, https://upload.wikimedia.org/wikipedia/commons/d/df/Toro_berrendo_en_colorado._Valdelazarza.jpg     ,,,,
Betizu,Taurus,"Spain, France",Meat,—,Draught,Semi-feral, https://upload.wikimedia.org/wikipedia/commons/c/ce/Betizu_sur_le_massif_du_Xoldokogaina.jpg     ,,,,
Bianca Modenese,Taurus,Italy,Meat,Dairy,—,—, https://upload.wikimedia.org/wikipedia/commons/thumb/4/47/Toro_di_razza_Bianca_Val_Padana.jpg/800px-Toro_di_razza_Bianca_Val_Padana.jpg     ,,,,
Blaarkop,Taurus,Netherlands,Meat,Dairy,—,—, https://upload.wikimedia.org/wikipedia/commons/5/5e/Rode_blaarkop_hoogdrachtig.jpg     ,,,,
Blanca Cacereña,Taurus,Spain,Meat,Dairy,Draught,—,,,,,
Blanco Orejinegro BON,Taurus,Colombia,Meat,Dairy,Draught,—,,,,,
Blonde d'Aquitaine,Taurus,France,Meat,Dairy,Draught,—, https://upload.wikimedia.org/wikipedia/commons/thumb/f/f9/Blonde_Aquitaine.jpg/800px-Blonde_Aquitaine.jpg     ,,,,
Blue Albion,Taurus,Great Britain,Meat,—,—,—,,,,,
Blue Grey,Taurus,Great Britain,Meat,—,—,—, https://upload.wikimedia.org/wikipedia/commons/thumb/8/8b/Blue_Gray_Cow.jpg/800px-Blue_Gray_Cow.jpg     ,,,,
Bohuskulla,—,Sweden,—,—,—,—,,,,,
Bonsmara,Taurus/Indicus hybrid,South Africa,Meat,—,—,—, https://upload.wikimedia.org/wikipedia/commons/thumb/2/22/Bonsmara.jpg/800px-Bonsmara.jpg     ,,,,
Boran,Indicus,eastern Africa,Meat,—,—,—, https://upload.wikimedia.org/wikipedia/commons/b/bb/Boran_cattle_in_Kenya.jpg     ,,,,
Boškarin,Taurus,"Croatia, Slovenia",Meat,Dairy,Draught,—, https://upload.wikimedia.org/wikipedia/commons/thumb/8/85/Bo%C5%A1karini_na_Brijunima.JPG/800px-Bo%C5%A1karini_na_Brijunima.JPG     ,,,,
Braford,Taurus/Indicus hybrid,United States,Meat,—,—,—,,,,,
Brahman,Indicus,India,Meat,Dairy,Draught,—, https://upload.wikimedia.org/wikipedia/commons/thumb/3/3e/Brahman_%28EMAPA%29_110307_REFON_2.jpg/800px-Brahman_%28EMAPA%29_110307_REFON_2.jpg     ,,,,
Brahmousin,Taurus/Indicus hybrid,United States,Meat,—,Draught,—,,,,,
Brangus,Taurus/Indicus hybrid,United States,Meat,—,—,—, https://upload.wikimedia.org/wikipedia/commons/thumb/d/d4/Cow_with_calf.jpg/800px-Cow_with_calf.jpg     ,,,,
Braunvieh,Taurus,Switzerland,Meat,Dairy,—,—, https://upload.wikimedia.org/wikipedia/commons/thumb/b/bd/CH_cow_1.jpg/800px-CH_cow_1.jpg     ,,,,
Brava,—,Spain,—,—,—,—,,,,,
Bretonne Pie Noir,Taurus,France,Meat,Dairy,—,—, https://upload.wikimedia.org/wikipedia/commons/thumb/4/40/Vaches_Bretonnes_Pie_Noir.JPG/800px-Vaches_Bretonnes_Pie_Noir.JPG     ,,,,
British White,Taurus,Great Britain,Meat,Dairy,—,—, https://upload.wikimedia.org/wikipedia/commons/a/a5/British_white.jpg     ,,,,
British Friesian,Taurus,Great Britain,—,Dairy,—,—, https://upload.wikimedia.org/wikipedia/commons/thumb/c/c7/Cheshire_Cattle.JPG/800px-Cheshire_Cattle.JPG     ,,,,
Brown Carpathian,Taurus,Ukraine,—,—,—,—,,,,,
Brown Caucasian,Taurus,Armenia,Meat,Dairy,—,—, https://upload.wikimedia.org/wikipedia/commons/thumb/1/12/Dehorned_Cow_in_Armenia.tif/lossless-page1-800px-Dehorned_Cow_in_Armenia.tif.png     ,,,,
Brown Swiss,Taurus,Switzerland,—,Dairy,—,—, https://upload.wikimedia.org/wikipedia/commons/e/e9/Brown_swiss.jpg     ,,,,
Bue Lingo,Taurus,United States,Meat,Dairy,—,—,,,,,
Burlina,Taurus,Italy,—,Dairy,—,—,,,,,
Buša cattle,Taurus,"former Yugoslavia - Bosnia and Herzegovina, Croatia, Kosovo, Montenegro, North Macedonia, Serbia (Dinaric Alps)",Meat,Dairy,Draught,—, https://upload.wikimedia.org/wikipedia/commons/e/eb/Busha.jpg     ,,,,
Butana cattle,Indicus,Sudan,—,Dairy,—,—,,,,,
Bushuyev,Zebu,Uzbekistan,—,Dairy,—,—,,,,,
Breed,Subspecies,Country/region of origin,Meat,Dairy,Draught,Other,Image2,,,,
Cachena,Taurus,Portugal/Spain,Meat,Dairy,Draught,—, https://upload.wikimedia.org/wikipedia/commons/0/0a/Cachena1.jpg     ,,,,
Caldelana,Taurus,Spain,Meat,Dairy,Draught,—,,,,,
Camargue,Taurus,France,Meat,—,Draught,"Sport, semi-feral", https://upload.wikimedia.org/wikipedia/commons/thumb/d/d0/Camargue_cattles.jpg/800px-Camargue_cattles.jpg     ,,,,
Campbell Island cattle,Taurus,New Zealand,—,—,—,Feral,,,,,
Canadian Speckle Park,Taurus,Canada,Meat,—,—,—, https://upload.wikimedia.org/wikipedia/commons/thumb/0/0a/Canadian_Speckle_Park.JPG/800px-Canadian_Speckle_Park.JPG     ,,,,
Canadienne,Taurus,Canada,Meat,Dairy,—,—, https://upload.wikimedia.org/wikipedia/commons/8/8b/Canadienne_heifer.jpg     ,,,,
Canaria,Taurus,Spain,Meat,—,Draught,—,,,,,
Canchim,Taurus/Indicus hybrid,Brazil,Meat,—,—,—, https://upload.wikimedia.org/wikipedia/commons/thumb/5/54/Touro_Canchim_REFON.jpg/800px-Touro_Canchim_REFON.jpg     ,,,,
Caracu,Taurus,Brazil,Meat,Dairy,Draught,—, https://upload.wikimedia.org/wikipedia/commons/thumb/1/1a/Boi_caracu_no_pasto.JPG/800px-Boi_caracu_no_pasto.JPG     ,,,,
Cárdena Andaluza,Taurus,Spain,Meat,—,Draught,—,,,,,
Carinthian Blondvieh,Taurus,Austria,Meat,Dairy,Draught,—, https://upload.wikimedia.org/wikipedia/commons/thumb/6/67/K%C3%A4rntner_Blondvieh2.JPG/800px-K%C3%A4rntner_Blondvieh2.JPG     ,,,,
Carora,Taurus,Venezuelan,Meat,Dairy,Draught,—,,,,,
Charbray,Taurus/Indicus hybrid,United States,Meat,—,—,—,,,,,
Charolais,Taurus,France,Meat,—,Draught,—, https://upload.wikimedia.org/wikipedia/commons/3/3f/Vache_de_race_charolaise_avec_son_veau.jpg     ,,,,
Chateaubriand,—,—,—,—,—,—,,,,,
Chiangus,Taurus,—,Meat,—,—,—,,,,,
Chianina,Taurus,Italy,Meat,—,Draught,—,,,,,
Chillingham cattle,Taurus,England,—,—,—,Feral, https://upload.wikimedia.org/wikipedia/commons/thumb/8/82/Chianina_cow_and_calf%2C_Tuscany.jpg/800px-Chianina_cow_and_calf%2C_Tuscany.jpg     ,,,,
Chinese Black Pied,Taurus,China,—,Dairy,—,—,,,,,
Cholistani Cattle,Indicus,Pakistan,—,Dairy,—,—,,,,,
Cika cattle,Taurus,Slovenia,Meat,Dairy,—,—, https://upload.wikimedia.org/wikipedia/commons/thumb/1/1a/Bled_%285081158314%29.jpg/800px-Bled_%285081158314%29.jpg     ,,,,
Coloursided White Back,Taurus,—,Meat,Dairy,—,—,,,,,
Commercial,—,—,—,—,—,—,,,,,
Corriente,Taurus,Spain,Meat,Dairy,Draught,Sport, https://upload.wikimedia.org/wikipedia/commons/5/51/Corriente.jpg     ,,,,
Corsican cattle,Taurus,France,Meat,—,—,"Often free-ranging, semi-feral", https://upload.wikimedia.org/wikipedia/commons/thumb/e/e5/Korsech_Kou.jpg/800px-Korsech_Kou.jpg     ,,,,
Costeño con Cuernos,Taurus/Indicus hybrid,Colombia,Meat,—,Draught,—,,,,,
Crioulo Lageano,—,—,—,—,—,—,,,,,
Breed,Subspecies,Country/region of origin,Meat,Dairy,Draught,Other,Image2,,,,
Dajal cattle,Indicus,Pakistan,Meat,Dairy,Draught,—,,,,,
Dangi cattle,Indicus,India,—,—,Draught,—, https://upload.wikimedia.org/wikipedia/commons/thumb/5/59/Dangi_02.JPG/800px-Dangi_02.JPG     ,,,,
Danish Black-Pied,—,Denmark,—,—,—,—,,,,,
Danish Jersey,Taurus,Denmark,—,Dairy,—,—, https://upload.wikimedia.org/wikipedia/commons/thumb/1/11/Jerseykvaeg.jpg/800px-Jerseykvaeg.jpg     ,,,,
Danish Red,Taurus,Denmark,Meat,Dairy,—,—, https://upload.wikimedia.org/wikipedia/commons/thumb/8/8c/R%C3%B8d_dansk_malkerace_RDM.jpg/800px-R%C3%B8d_dansk_malkerace_RDM.jpg     ,,,,
Deep Red cattle,Taurus,—,Meat,Dairy,—,—,,,,,
Deoni,Indicus,India,—,Dairy,Draught,—, https://upload.wikimedia.org/wikipedia/commons/thumb/1/1d/Deoni_01.JPG/800px-Deoni_01.JPG     ,,,,
Devon,Taurus,England,Meat,Dairy,—,—, https://upload.wikimedia.org/wikipedia/commons/9/98/Red_Devon_bull.jpg     ,,,,
Dexter cattle,Taurus,Ireland,Meat,Dairy,—,—, https://upload.wikimedia.org/wikipedia/commons/thumb/2/24/Dexter_cow%2C_Three_Counties_Show.jpg/800px-Dexter_cow%2C_Three_Counties_Show.jpg     ,,,,
Dhanni,Indicus,Pakistan,Meat,Dairy,Draught,—, https://upload.wikimedia.org/wikipedia/commons/c/c8/Dhanni_Cattle_Male.jpg     ,,,,
Doayo cattle,Taurus,Cameroon,—,—,—,—,,,,,
Doela,—,—,—,—,—,—,,,,,
Drakensberger,Taurus,South Africa,Meat,Dairy,—,—,,,,,
Dølafe,Taurus,Norway,Meat,Dairy,—,—, https://upload.wikimedia.org/wikipedia/commons/2/29/D%C3%B8lafe.jpg     ,,,,
Droughtmaster,Taurus/Indicus hybrid,Australia,Meat,—,—,—, https://upload.wikimedia.org/wikipedia/commons/thumb/0/09/Droughtmaster.jpg/800px-Droughtmaster.jpg     ,,,,
Dulong',Taurus,—,Meat,—,Draught,—,,,,,
Dutch Friesian,Taurus,Netherlands,Meat,Dairy,—,—,,,,,
Dwarf Lulu,Taurus/Indicus/Yak hybrid,—,—,—,—,—,,,,,
Breed,Subspecies,Country/region of origin,Meat,Dairy,Draught,Other,Image2,,,,
East Anatolian Red,Taurus,—,—,Dairy,—,—,,,,,
Eastern Finncattle,Taurus,Finland,Meat,Dairy,—,—, https://upload.wikimedia.org/wikipedia/commons/a/ad/It%C3%A4suomenlehm%C3%A4_Ahlmanin_maatalouskoulun_pellolla.png     ,,,,
Eastern Red Polled,—,—,—,—,—,—,,,,,
Enderby Island cattle,Unknown,New Zealand,—,—,—,Feral,,,,,
English Longhorn,Taurus,England,Meat,Dairy,—,—, https://upload.wikimedia.org/wikipedia/commons/thumb/1/1f/English_Longhorn_cow_and_calf.jpg/800px-English_Longhorn_cow_and_calf.jpg     ,,,,
Ennstaler Bergscheck,Taurus,Austria,Meat,—,Draught,—, https://upload.wikimedia.org/wikipedia/commons/thumb/1/10/Ennstaler2.jpg/800px-Ennstaler2.jpg     ,,,,
Estonian Holstein,Taurus,Estonia,—,Dairy,—,—,,,,,
Estonian Native,—,Estonia,—,—,—,—,,,,,
Estonian Red cattle,Taurus,Estonia,Meat,Dairy,—,—, https://upload.wikimedia.org/wikipedia/commons/thumb/8/83/Lehm_Eesti_Maa%C3%BClikooli_laudas..jpg/800px-Lehm_Eesti_Maa%C3%BClikooli_laudas..jpg     ,,,,
Évolène cattle,Taurus,Switzerland,—,Dairy,—,—, https://upload.wikimedia.org/wikipedia/commons/thumb/8/86/Evolene_Cow.jpg/800px-Evolene_Cow.jpg     ,,,,
Breed,Subspecies,Country/region of origin,Meat,Dairy,Draught,Other,Image2,,,,
Finnish Ayrshire,—,Finland,—,—,—,, https://upload.wikimedia.org/wikipedia/commons/b/bf/Syyskuu2_2005_060b.jpg     ,,,,
Finncattle,Taurus,Finland,Meat,Dairy,—,—, https://upload.wikimedia.org/wikipedia/commons/thumb/8/85/L%C3%A4nsisuomenkarjaa_Ahlmanin_maatalouskoulun_pellolla.jpg/800px-L%C3%A4nsisuomenkarjaa_Ahlmanin_maatalouskoulun_pellolla.jpg     ,,,,
Finnish Holstein-Friesian,—,Finland,—,—,—,—,,,,,
Fjäll,Taurus,Sweden,Meat,Dairy,—,Also called Swedish Mountain, https://upload.wikimedia.org/wikipedia/commons/thumb/d/da/Fjallko.jpg/800px-Fjallko.jpg     ,,,,
Fleckvieh,Taurus,Austria,Meat,Dairy,—,—, https://upload.wikimedia.org/wikipedia/commons/thumb/8/8c/Cow_%28Fleckvieh_breed%29_Oeschinensee_Slaunger_2009-07-07.jpg/800px-Cow_%28Fleckvieh_breed%29_Oeschinensee_Slaunger_2009-07-07.jpg     ,,,,
Florida Cracker cattle,Taurus,United States,Meat,—,—,—, https://upload.wikimedia.org/wikipedia/commons/thumb/8/8a/Florida_Cracker_cow_and_calf.JPG/800px-Florida_Cracker_cow_and_calf.JPG     ,,,,
Fogera,—,Ethiopia,Meat,Dairy,Draught,—,,,,,
French Simmental,Taurus,France,Meat,Dairy,—,—, https://upload.wikimedia.org/wikipedia/commons/thumb/9/9c/Simmental-vache.JPG/800px-Simmental-vache.JPG     ,,,,
Fribourgeoise,—,Switzerland,—,—,—,—, https://upload.wikimedia.org/wikipedia/commons/4/4d/Vache_fribourgeoise_1859.jpg     ,,,,
Friesian Red and White,Taurus,—,Meat,Dairy,—,—,,,,,
Fulani Sudanese,Indicus,—,Meat,Dairy,Draught,—,,,,,
Breed,Subspecies,Country/region of origin,Meat,Dairy,Draught,Other,Image2,,,,
Galician Blond,Taurus,Spain,Meat,Dairy,—,—, https://upload.wikimedia.org/wikipedia/commons/thumb/c/c4/Vaca_rubia_en_Cumbraos_-_Mes%C3%ADa_-_Galiza.jpg/150px-Vaca_rubia_en_Cumbraos_-_Mes%C3%ADa_-_Galiza.jpg     ,,,,
Galloway cattle,Taurus,Scotland,Meat,Dairy,Draught,—, https://upload.wikimedia.org/wikipedia/commons/thumb/c/c8/Galloway.jpg/1280px-Galloway.jpg     ,,,,
Gangatiri,Indicus,India,—,Dairy,Draught,—, https://upload.wikimedia.org/wikipedia/commons/thumb/4/49/Gangatiri_02.JPG/1280px-Gangatiri_02.JPG     ,,,,
Gaolao,Indicus,India,—,Dairy,Draught,—, https://upload.wikimedia.org/wikipedia/commons/thumb/5/56/Gaolao_02.JPG/150px-Gaolao_02.JPG     ,,,,
Garvonesa,Taurus,Portugal,Meat,—,Draught,—,,,,,
Gascon cattle,Taurus,France,Meat,—,Draught,—, https://upload.wikimedia.org/wikipedia/commons/thumb/a/ae/Gasconnes_Antignac_%2811%29.JPG/150px-Gasconnes_Antignac_%2811%29.JPG     ,,,,
Gelbvieh,Taurus,Germany,Meat,Dairy,Draught,—, https://upload.wikimedia.org/wikipedia/commons/thumb/7/71/Gelbvieh.jpg/1280px-Gelbvieh.jpg     ,,,,
Georgian Mountain cattle,Taurus,Georgia,Meat,Dairy,Draught,—,,,,,
German Angus,Taurus,Germany,Meat,—,—,—, https://upload.wikimedia.org/wikipedia/commons/thumb/f/fc/Deutsch-Angus-Bulle_Valentin_vom_Natur-Hof_Chemnitz_e.V..JPG/1280px-Deutsch-Angus-Bulle_Valentin_vom_Natur-Hof_Chemnitz_e.V..JPG     ,,,,
German Black Pied cattle,Taurus,Germany,—,Dairy,—,—, https://upload.wikimedia.org/wikipedia/commons/thumb/b/b0/Schwarzbuntes_Rind.JPG/150px-Schwarzbuntes_Rind.JPG     ,,,,
German Black Pied Dairy,Taurus,Germany,—,Dairy,—,—,,,,,
German Red Pied,Taurus,Germany,Meat,Dairy,—,—,,,,,
Gir,Indicus,India,—,Dairy,—,—, https://upload.wikimedia.org/wikipedia/commons/thumb/7/7c/Gir_01.JPG/150px-Gir_01.JPG     ,,,,
Glamorgan cattle,Taurus,England,Meat,Dairy,—,—, https://upload.wikimedia.org/wikipedia/commons/thumb/1/14/Da_morgannwgbach.jpg/150px-Da_morgannwgbach.jpg     ,,,,
Glan cattle,Taurus,Germany,Meat,Dairy,Draught,—, https://upload.wikimedia.org/wikipedia/commons/thumb/a/ae/Glanrind3.jpg/150px-Glanrind3.jpg     ,,,,
Gloucester,Taurus,England,Meat,Dairy,Draught,—, https://upload.wikimedia.org/wikipedia/commons/thumb/e/ee/Gloucester_cow.jpg/150px-Gloucester_cow.jpg     ,,,,
Gobra,Indicus,—,Meat,—,Draught,—,,,,,
Greek Shorthorn,Taurus,Greece,Meat,Dairy,—,—,,,,,
Greek Steppe,Taurus,Greece,Meat,Dairy,Draught,—,,,,,
Greyman cattle,Taurus/Indicus hybrid,Australia,Meat,—,—,—, https://upload.wikimedia.org/wikipedia/commons/thumb/2/2a/Greyman.JPG/150px-Greyman.JPG     ,,,,
Gudali,Indicus,Iran/Persia,—,Dairy,Draught,—,,,,,
Guernsey cattle,Taurus,Channel Islands,—,Dairy,—,—, https://upload.wikimedia.org/wikipedia/commons/thumb/b/bf/Guernsey_cow_or_calf_lying_on_the_ground%2C_ca_1941-42.jpg/1280px-Guernsey_cow_or_calf_lying_on_the_ground%2C_ca_1941-42.jpg     ,,,,
Guzerá,Indicus,Brazil,Meat,—,Draught,—, https://upload.wikimedia.org/wikipedia/commons/thumb/e/ed/Guzer%C3%A1_macho_-_EMAPA_100307_REFON_1.jpg/150px-Guzer%C3%A1_macho_-_EMAPA_100307_REFON_1.jpg     ,,,,
Breed,Subspecies,Country/region of origin,Meat,Dairy,Draught,Other,Image2,,,,
Hallikar,Indicus,India,,—,Draught,Origin of Amrit Mahal cattle, https://upload.wikimedia.org/wikipedia/commons/thumb/5/5f/Hallikaru_01.JPG/150px-Hallikaru_01.JPG     ,,,,
Hanwoo,Taurus,Korea,Meat,—,Draught,Cow fighting, https://upload.wikimedia.org/wikipedia/commons/thumb/0/08/So_%28Korean_cattle%29.jpg/150px-So_%28Korean_cattle%29.jpg     ,,,,
Hariana cattle,Indicus,India,—,Dairy,Draught,—, https://upload.wikimedia.org/wikipedia/commons/thumb/a/a1/Hariana_01.JPG/150px-Hariana_01.JPG     ,,,,
Hartón del Valle,Taurus,Colombia,Meat,Dairy,Draught,—,,,,,
Harzer Rotvieh,Taurus,Germany,Meat,Dairy,Draught,—, https://upload.wikimedia.org/wikipedia/commons/thumb/a/ab/Harz-Kuh.jpg/150px-Harz-Kuh.jpg     ,,,,
Hays Converter,Taurus,Canada,Meat,—,—,—,,,,,
Heck cattle,Taurus,Germany,—,—,—,Science, https://upload.wikimedia.org/wikipedia/commons/thumb/e/e7/Laufende_schwarze_Kuh.JPG/150px-Laufende_schwarze_Kuh.JPG     ,,,,
Hereford,Taurus,England,Meat,—,—,—, https://upload.wikimedia.org/wikipedia/commons/thumb/f/f3/Hereford_bull_large.jpg/150px-Hereford_bull_large.jpg     ,,,,
Herens,Taurus,"Switzerland, Italy, France",Meat,—,—,Cow fighting, https://upload.wikimedia.org/wikipedia/commons/thumb/0/0d/Eringerkuh.jpg/150px-Eringerkuh.jpg     ,,,,
Hybridmaster,Taurus/Indicus hybrid,—,Meat,Dairy,—,—,,,,,
Highland cattle,Taurus,Scotland,Meat,—,—,—, https://upload.wikimedia.org/wikipedia/commons/thumb/4/43/Cow_on_Pupers.jpg/150px-Cow_on_Pupers.jpg     ,,,,
Hinterwald,Taurus,Germany,Meat,Dairy,—,—, https://upload.wikimedia.org/wikipedia/commons/a/a7/Cow_suckling.jpg     ,,,,
Holando-Argentino,Taurus,Argentina,Meat,Dairy,—,—,,,,,
Holstein Friesian cattle,Taurus,"Germany, the Netherlands",Meat,Dairy,—,—, https://upload.wikimedia.org/wikipedia/commons/thumb/0/0c/Cow_female_black_white.jpg/150px-Cow_female_black_white.jpg     ,,,,
Horro,Indicus,Ethiopia,Meat,—,Draught,—,,,,,
Huáng Cattle,Taurus,China,Meat,Dairy,Draught,,,,,,
Hungarian Grey,Taurus,Hungary,Meat,—,Draught,—, https://upload.wikimedia.org/wikipedia/commons/thumb/7/76/Hungarian_Grey_Cattle.jpg/150px-Hungarian_Grey_Cattle.jpg     ,,,,
Breed,Subspecies,Country/region of origin,Meat,Dairy,Draught,Other,Image2,,,,
Iberian cattle,—,Spain,—,—,—,—,,,,,
Icelandic,Taurus,Iceland,—,Dairy,—,—, https://upload.wikimedia.org/wikipedia/commons/thumb/0/00/Cow_in_Iceland.jpg/150px-Cow_in_Iceland.jpg     ,,,,
Illawarra cattle,Taurus,Australia,Meat,Dairy,—,—, https://upload.wikimedia.org/wikipedia/commons/thumb/5/5e/Illawarra.jpg/150px-Illawarra.jpg     ,,,,
Improved Red and White,Taurus,—,Meat,—,—,—,,,,,
Indo-Brazilian,Indicus,—,Meat,—,—,—,,,,,
Irish Moiled,Taurus,Ireland,Meat,Dairy,—,—, https://upload.wikimedia.org/wikipedia/commons/thumb/3/32/Irish_moiled.jpg/150px-Irish_moiled.jpg     ,,,,
Israeli Holstein,Taurus,Israel,—,Dairy,—,—,,,,,
Israeli Red,Taurus/Indicus hybrid,Israel,Meat,Dairy,—,—,,,,,
Istoben cattle,Taurus,—,Meat,Dairy,—,—,,,,,
Istrian cattle,see Boškarin,see Boškarin,see Boškarin,see Boškarin,see Boškarin,see Boškarin, https://upload.wikimedia.org/wikipedia/commons/thumb/6/6a/Bo%C5%A1karin_2.jpg/120px-Bo%C5%A1karin_2.jpg     ,,,,
Breed,Subspecies,Country/region of origin,Meat,Dairy,Draught,Other,Image2,,,,
Jamaica Black,Taurus/Indicus hybrid,Jamaica,Meat,Dairy,—,—,,,,,
Jamaica Hope,Taurus/Indicus hybrid,Jamaica,—,Dairy,—,—,,,,,
Jamaica Red,Taurus/Indicus hybrid,Jamaica,Meat,—,—,—,,,,,
Japanese Black,Taurus,Japan,Meat,—,—,One of the four wagyu breeds, https://upload.wikimedia.org/wikipedia/commons/thumb/c/c1/Tajimagyu2.jpg/150px-Tajimagyu2.jpg     ,,,,
Japanese Brown,Taurus,Japan,Meat,—,—,One of the four wagyu breeds, https://upload.wikimedia.org/wikipedia/commons/thumb/7/7d/10th_Wagyukyoshinkai_Shinsa%2C_Japanese_Brown.jpg/150px-10th_Wagyukyoshinkai_Shinsa%2C_Japanese_Brown.jpg     ,,,,
Japanese Polled,Taurus,Japan,Meat,—,—,One of the four wagyu breeds, https://upload.wikimedia.org/wikipedia/commons/thumb/f/ff/Japanese_Polled_%3D_%E4%B8%96%E7%95%8C%E3%81%AE%E7%89%9B_%E7%84%A1%E8%A7%92%E5%92%8C%E7%A8%AE%EF%BC%88%E9%9B%84%EF%BC%89_%2835896549093%29.jpg/150px-Japanese_Polled_%3D_%E4%B8%96%E7%95%8C%E3%81%AE%E7%89%9B_%E7%84%A1%E8%A7%92%E5%92%8C%E7%A8%AE%EF%BC%88%E9%9B%84%EF%BC%89_%2835896549093%29.jpg     ,,,,
Japanese Shorthorn,Taurus,Japan,Meat,—,—,One of the four wagyu breeds, https://upload.wikimedia.org/wikipedia/commons/thumb/9/91/Japanese_Shorthorn_%3D_%E4%B8%96%E7%95%8C%E3%81%AE%E7%89%9B_%E6%97%A5%E6%9C%AC%E7%9F%AD%E8%A7%92%E7%A8%AE%EF%BC%88%E9%9B%8C%EF%BC%89_%2836660258406%29.jpg/150px-Japanese_Shorthorn_%3D_%E4%B8%96%E7%95%8C%E3%81%AE%E7%89%9B_%E6%97%A5%E6%9C%AC%E7%9F%AD%E8%A7%92%E7%A8%AE%EF%BC%88%E9%9B%8C%EF%BC%89_%2836660258406%29.jpg     ,,,,
Jarmelista,Taurus,Portugal,Meat,—,Draught,—,,,,,
Javari cattle,Indicus,India,—,—,Draught,—, https://upload.wikimedia.org/wikipedia/commons/thumb/a/a3/Javari_02.JPG/150px-Javari_02.JPG     ,,,,
Jersey cattle,Taurus,Channel Islands,—,Dairy,—,—, https://upload.wikimedia.org/wikipedia/commons/thumb/9/96/Walworth_Gate_010.jpg/150px-Walworth_Gate_010.jpg     ,,,,
Jutland cattle,Taurus,Denmark,Meat,Dairy,—,—,,,,,
Breed,Subspecies,Country/region of origin,Meat,Dairy,Draught,Other,Image2,,,,
Kabin Buri cattle,Taurus/Indicus hybrid,Thailand,Meat,Dairy,—,Crossbreed between Brahman and Simmental,,,,,
Kalmyk cattle,Taurus,Russia,Meat,Dairy,—,—,,,,,
Kangayam,Indicus,India,—,Dairy,Draught,—, https://upload.wikimedia.org/wikipedia/commons/thumb/1/15/Kangayam_02.JPG/150px-Kangayam_02.JPG     ,,,,
Kankrej,Indicus,India,—,Dairy,Draught,—,,,,,
Kamphaeng Saen cattle,Taurus/Indicus hybrid,Thailand,Meat,—,—,—,,,,,
Karan Swiss,Taurus/Indicus hybrid,—,Meat,Dairy,—,—,,,,,
Kasaragod Dwarf cattle,Indicus,India,—,Dairy,Draught,—, https://upload.wikimedia.org/wikipedia/commons/thumb/d/d0/%E0%B4%95%E0%B4%BE%E0%B4%B8%E0%B5%BC%E0%B4%97%E0%B5%8B%E0%B4%A1%E0%B5%8D_%E0%B4%95%E0%B5%81%E0%B4%B3%E0%B5%8D%E0%B4%B3%E0%B5%BB_Kasaragod_dwarf_cattle.jpg/150px-%E0%B4%95%E0%B4%BE%E0%B4%B8%E0%B5%BC%E0%B4%97%E0%B5%8B%E0%B4%A1%E0%B5%8D_%E0%B4%95%E0%B5%81%E0%B4%B3%E0%B5%8D%E0%B4%B3%E0%B5%BB_Kasaragod_dwarf_cattle.jpg     ,,,,
Kathiawadi,Indicus,India,—,—,Draught,—,,,,,
Kazakh Whiteheaded,Taurus,—,Meat,Dairy,—,—,,,,,
Kenana cattle,Indicus,Sudan,—,Dairy,—,—,,,,,
Kenkatha cattle,Indicus,India,—,—,Draught,—, https://upload.wikimedia.org/wikipedia/commons/thumb/a/aa/Kenkatha_02.JPG/150px-Kenkatha_02.JPG     ,,,,
Kerry cattle,Taurus,Ireland,Meat,Dairy,—,—, https://upload.wikimedia.org/wikipedia/commons/thumb/8/8a/Kerry_cow_and_calf_in_Killarney_National_Park.jpg/150px-Kerry_cow_and_calf_in_Killarney_National_Park.jpg     ,,,,
Kherigarh,Indicus,India,—,—,Draught,—, https://upload.wikimedia.org/wikipedia/commons/thumb/c/c5/Kerigar_02.JPG/150px-Kerigar_02.JPG     ,,,,
Khillari cattle,Indicus,India,—,—,Draught,—, https://upload.wikimedia.org/wikipedia/commons/thumb/9/9e/Khilari_01.JPG/150px-Khilari_01.JPG     ,,,,
Kholomogory,Taurus,Russia,Meat,Dairy,—,—,,,,,
Korat Wagyu,Taurus/Indicus hybrid,Thailand,Meat,—,—,—,,,,,
Kostroma cattle,Taurus,Russia,Meat,Dairy,—,—,,,,,
Krishna Valley cattle,Indicus,India,—,Dairy,Draught,—, https://upload.wikimedia.org/wikipedia/commons/thumb/6/62/Krishna-cow_01.JPG/150px-Krishna-cow_01.JPG     ,,,,
Kuri,Taurus,—,Meat,Dairy,Draught,—,,,,,
Kurgan cattle,Taurus,Russia,Meat,Dairy,—,—,,,,,
Breed,Subspecies,Country/region of origin,Meat,Dairy,Draught,Other,Image2,,,,
La Reina cattle,Taurus,Nicaragua,Meat,Dairy,—,—,,,,,
Lakenvelder cattle,Taurus,Netherlands,—,Dairy,—,—, https://upload.wikimedia.org/wikipedia/commons/thumb/d/d8/Dutch_Belted_Cow.jpg/150px-Dutch_Belted_Cow.jpg     ,,,,
Lampurger,—,—,—,—,—,—,,,,,
Latvian Blue,—,—,—,—,—,—,,,,,
Latvian Brown,Taurus,Latvia,Meat,Dairy,—,—, https://upload.wikimedia.org/wikipedia/commons/thumb/4/4a/Latvijas_bruna.JPG/150px-Latvijas_bruna.JPG     ,,,,
Latvian Danish Red,Taurus,Latvia,Meat,Dairy,—,—,,,,,
Lebedyn,Taurus,Ukraine,—,—,—,—,,,,,
Levantina,Taurus,—,Meat,—,Draught,—,,,,,
Limia cattle,Taurus,Spain,Meat,Dairy,Draught,—,,,,,
Limousin,Taurus,France,Meat,—,Draught,—, https://upload.wikimedia.org/wikipedia/commons/thumb/a/af/Col_de_la_Core_Bovins_15082018_1.jpg/150px-Col_de_la_Core_Bovins_15082018_1.jpg     ,,,,
Limpurger,Taurus,—,Meat,Dairy,—,—,,,,,
Lincoln Red,Taurus,England,Meat,—,—,—, https://upload.wikimedia.org/wikipedia/commons/thumb/6/6e/Lincoln_Red_heifer.jpg/150px-Lincoln_Red_heifer.jpg     ,,,,
Linda the cow,Taurus,Canada,—,Dairy,—,—,,,,,
Lynch Lineback,Taurus,Canada,—,Dairy,—,—,,,,,
Lithuanian Black-and-White,—,—,—,—,—,—,,,,,
Lithuanian Light Grey,—,—,—,—,—,—,,,,,
Lithuanian Red,—,Lithuania,Meat,—,—,—,,,,,
Lithuanian White-Backed,—,—,—,—,—,—,,,,,
Lohani cattle,Indicus,—,Meat,—,Draught,—,,,,,
Lourdais,Taurus,France,Meat,Dairy,Draught,—, https://upload.wikimedia.org/wikipedia/commons/thumb/9/9e/Lourdaise_dans_Pyr%C3%A9n%C3%A9es.jpg/150px-Lourdaise_dans_Pyr%C3%A9n%C3%A9es.jpg     ,,,,
Lucerna cattle,Taurus,South America,—,—,—,—,,,,,
Luing,Taurus,Scotland,Meat,—,—,—, https://upload.wikimedia.org/wikipedia/commons/thumb/e/e8/Luing_Cattle.jpg/150px-Luing_Cattle.jpg     ,,,,
Breed,Subspecies,Country/region of origin,Meat,Dairy,Draught,Other,image2,,,,
Madagascar Zebu,Indicus,—,Meat,Dairy,Draught,—, https://upload.wikimedia.org/wikipedia/commons/thumb/5/59/Z%C3%A9bus_de_Madagascar_02.jpg/1024px-Z%C3%A9bus_de_Madagascar_02.jpg      ,,,,
Madura,Banteng/Indicus hybrid,Indonesia,Meat,Dairy,Draught,Racing, https://upload.wikimedia.org/wikipedia/commons/thumb/6/64/Sapi_Madura_-_panoramio.jpg/1024px-Sapi_Madura_-_panoramio.jpg      ,,,,
Maine-Anjou,Taurus,France,Meat,Dairy,Draught,—, https://upload.wikimedia.org/wikipedia/commons/thumb/0/0d/Maineanjou.jpg/1024px-Maineanjou.jpg      ,,,,
Malnad Gidda,Indicus,India,—,Dairy,Draught,Semi-dwarf breed, https://upload.wikimedia.org/wikipedia/commons/thumb/8/87/Malenadu_Gidda_01.JPG/1024px-Malenadu_Gidda_01.JPG      ,,,,
Malvi,Indicus,India,—,Dairy,Draught,—, https://upload.wikimedia.org/wikipedia/commons/thumb/6/69/Malvi_02.JPG/1024px-Malvi_02.JPG      ,,,,
Mandalong Special,Taurus/Indicus hybrid,—,Meat,—,—,—,,,,,
Mantequera Leonesa,Taurus,—,Meat,Dairy,Draught,—,,,,,
Maraîchine,Taurus,France,Meat,—,—,—, https://upload.wikimedia.org/wikipedia/commons/thumb/c/c2/Maraichine01.jpg/1024px-Maraichine01.jpg      ,,,,
Maramureş Brown,—,Romania,—,—,—,—,,,,,
Marchigiana,Taurus,Italy,Meat,—,Draught,—, https://upload.wikimedia.org/wikipedia/commons/thumb/a/aa/Esemplare_di_razza_bovina_marchigiana.jpg/1024px-Esemplare_di_razza_bovina_marchigiana.jpg      ,,,,
Maremmana,Taurus,Italy,Meat,Dairy,Draught,—, https://upload.wikimedia.org/wikipedia/commons/thumb/d/df/Maremmana_cattle_2008.jpg/1024px-Maremmana_cattle_2008.jpg      ,,,,
Marinhoa,Taurus,Portugal,Meat,Dairy,Draught,—,,,,,
Maronesa,Taurus,Portugal,Meat,Dairy,Draught,—, https://upload.wikimedia.org/wikipedia/commons/3/3f/Maronesa_no_Alv%C3%A3o_derived_2.jpg      ,,,,
Masai,Indicus,—,Meat,—,Draught,—,,,,,
Mashona,Taurus,—,Meat,—,Draught,—,,,,,
Menorquina,Taurus,—,—,Dairy,—,—, https://upload.wikimedia.org/wikipedia/commons/a/a3/Vaca_menorquina.jpg      ,,,,
Mertolenga,Taurus,Portugal,Meat,—,Draught,—,,,,,
Meuse-Rhine-Issel,Taurus,Netherlands,Meat,Dairy,—,—, https://upload.wikimedia.org/wikipedia/commons/thumb/5/57/Koeien_met_horens.jpg/150px-Koeien_met_horens.jpg      ,,,,
Mewati,Indicus,India,—,Dairy,Draught,—,,,,,
Milking Shorthorn,Taurus,Great Britain,Meat,Dairy,—,—, https://upload.wikimedia.org/wikipedia/commons/thumb/4/46/Milking_shorthorns.JPG/150px-Milking_shorthorns.JPG     ,,,,
Minhota,Taurus,Portugal,Meat,Dairy,Draught,—, https://upload.wikimedia.org/wikipedia/commons/thumb/8/86/Vaca_gallega.JPG/150px-Vaca_gallega.JPG     ,,,,
Mirandesa,Taurus,Portugal,Meat,—,Draught,—,,,,,
Mocăniţă,—,Romania,—,—,—,—,,,,,
Mollie,Taurus,Spain,Meat,—,Draught,—,,,,,
Monchina,Taurus,Spain,Meat,—,Draught,—, https://upload.wikimedia.org/wikipedia/commons/thumb/8/88/Sementales_H-B_monchina_%28cropped%29.jpg/150px-Sementales_H-B_monchina_%28cropped%29.jpg     ,,,,
Mongolian,Taurus,China,Meat,—,Draught,—,,,,,
Montbéliarde,Taurus,France,Meat,Dairy,—,—, https://upload.wikimedia.org/wikipedia/commons/thumb/8/84/Vache_Montb%C3%A9liarde.jpg/150px-Vache_Montb%C3%A9liarde.jpg     ,,,,
Morucha,Taurus,—,Meat,—,Draught,Fighting,,,,,
Munshiganj Cattle,—,Bangladesh,Meat,—,—,—,,,,,
Muturu,Taurus africanus,Nigeria,Meat,Dairy,—,—,,,,,
Murboden,Taurus,Austria,Meat,Dairy,Draught,—,,,,,
Murnau-Werdenfels,Taurus,Germany,—,Dairy,—,—, https://upload.wikimedia.org/wikipedia/commons/thumb/5/51/Murnau-Werdenfelser-Rind.jpg/150px-Murnau-Werdenfelser-Rind.jpg     ,,,,
Murray Grey,Taurus,Australia,Meat,—,—,—, https://upload.wikimedia.org/wikipedia/commons/thumb/2/24/CSIRO_ScienceImage_1081_Murray_gray_cows.jpg/150px-CSIRO_ScienceImage_1081_Murray_gray_cows.jpg     ,,,,
Breed,Subspecies,Country/region of origin,Meat,Dairy,Draught,Other,image2,,,,
Nagori,Indicus,India,—,—,Draught,—, https://upload.wikimedia.org/wikipedia/commons/thumb/1/17/Nagori_02.JPG/1024px-Nagori_02.JPG      ,,,,
N'Dama,Taurus,Guinea,Meat,Dairy,—,—, https://upload.wikimedia.org/wikipedia/commons/thumb/7/74/N%27Dama_herd_in_West_Africa.jpg/1024px-N%27Dama_herd_in_West_Africa.jpg      ,,,,
Negra Andaluza,Taurus,Spain,Meat,—,Draught,—,,,,,
Nelore,Indicus,Brazil,Meat,—,Draught,—, https://upload.wikimedia.org/wikipedia/commons/thumb/1/15/Touro_Nelore_REFON.jpg/1024px-Touro_Nelore_REFON.jpg      ,,,,
Nguni,Taurus/Indicus hybrid,Southern Africa,Meat,Dairy,—,—, https://upload.wikimedia.org/wikipedia/commons/thumb/8/8a/Nguni_cattle.jpg/1024px-Nguni_cattle.jpg      ,,,,
Nimari,Indicus,India,—,—,Draught,—, https://upload.wikimedia.org/wikipedia/commons/thumb/a/a5/Nimari_02.JPG/1024px-Nimari_02.JPG      ,,,,
Normande,Taurus,France,Meat,Dairy,—,—, https://upload.wikimedia.org/wikipedia/commons/thumb/5/58/Vachesnormandes.jpg/1024px-Vachesnormandes.jpg      ,,,,
North Bengal Grey,,Bangladesh,Meat,Dairy,—,—,,,,,
Northern Finncattle,Taurus,Finland,Meat,Dairy,—,—, https://upload.wikimedia.org/wikipedia/commons/thumb/6/62/Pohjoissuomenkarja.jpg/1024px-Pohjoissuomenkarja.jpg      ,,,,
Northern Shorthorn,Taurus,Great Britain,—,Dairy,—,—,,,,,
Norwegian Red,Taurus,Norway,Meat,Dairy,—,—, https://upload.wikimedia.org/wikipedia/commons/thumb/d/df/NRF_NorwegianRed_daughter_10579_Eggtroen.jpg/1024px-NRF_NorwegianRed_daughter_10579_Eggtroen.jpg      ,,,,
Breed,Subspecies,Country/region of origin,Meat,Dairy,Draught,Other,image2,,,,
Ongole,Indicus,India,Meat,Dairy,Draught,—, https://upload.wikimedia.org/wikipedia/commons/thumb/c/cc/The_Ongole_Bull_of_Moses.jpg/150px-The_Ongole_Bull_of_Moses.jpg      ,,,,
Original Simmental,Taurus,Switzerland,Meat,Dairy,—,—,,,,,
Breed,Subspecies,Country/region of origin,Meat,Dairy,Draught,Other,image2,,,,
Pajuna,Taurus,Spain,Meat,—,Draught,—, https://upload.wikimedia.org/wikipedia/commons/thumb/3/3a/Fernando_Garc%C3%ADa_%2846%29.jpg/1024px-Fernando_Garc%C3%ADa_%2846%29.jpg     ,,,,
Palmera,Taurus,—,Meat,—,Draught,Sport, https://upload.wikimedia.org/wikipedia/commons/thumb/2/2a/La_Palma_-_Brena_Alta_-_Carretera_San_Isidro_-_Palmera_03_ies_cropped.jpg/800px-La_Palma_-_Brena_Alta_-_Carretera_San_Isidro_-_Palmera_03_ies_cropped.jpg      ,,,,
Pantaneiro,—,Brazil,—,—,—,—,,,,,
Parda Alpina,Taurus,Spain,Meat,Dairy,—,—,,,,,
Parthenaise,Taurus,France,Meat,—,Draught,—, https://upload.wikimedia.org/wikipedia/commons/thumb/7/7a/T%C3%AAte_parthenaise.jpg/1024px-T%C3%AAte_parthenaise.jpg      ,,,,
Pasiega,Taurus,Spain,—,Dairy,—,—,,,,,
Pembroke,Taurus,Wales,Meat,Dairy,—,—,,,,,
Philippine Native,Taurus,Philippines,Meat,Dairy,Draught,—, https://upload.wikimedia.org/wikipedia/commons/6/63/Philippine_cow.jpg     ,,,,
Pie Rouge des Plaines,Taurus,France,—,Dairy,—,—, https://upload.wikimedia.org/wikipedia/commons/thumb/a/ab/Pie_rouge_des_plaines_SDA2010.JPG/1024px-Pie_rouge_des_plaines_SDA2010.JPG      ,,,,
Piedmontese cattle,Taurus,Italy,Meat,Dairy,—,—, https://upload.wikimedia.org/wikipedia/commons/thumb/9/94/Race_piemontaise.JPG/1024px-Race_piemontaise.JPG      ,,,,
Pineywoods,Taurus,—,Meat,Dairy,Draught,—, https://upload.wikimedia.org/wikipedia/commons/a/a0/Pineywoods_Bull_image_available-_www.pcrba.org.png      ,,,,
Pinzgauer,Taurus,Austria,Meat,Dairy,—,—, https://upload.wikimedia.org/wikipedia/commons/thumb/d/d1/VachePinzgauer2.JPG/1024px-VachePinzgauer2.JPG      ,,,,
Pirenaica,Taurus,"Spain, France",Meat,—,Draught,—, https://upload.wikimedia.org/wikipedia/commons/thumb/6/66/Vacas_pirenaicas_Hualde...jpg/1024px-Vacas_pirenaicas_Hualde...jpg      ,,,,
Podolac,Taurus,Croatia,Meat,Dairy,Draught,—, https://upload.wikimedia.org/wikipedia/commons/thumb/3/31/Slavonsko_srijemski_podolac.jpg/1024px-Slavonsko_srijemski_podolac.jpg      ,,,,
Podolica,Taurus,Italy,Meat,Dairy,Draught,—, https://upload.wikimedia.org/wikipedia/commons/3/30/Vitelli_da_ingrasso_Podolici_a_Cancellara_%28Basilicata%29.jpg      ,,,,
Polish Black-and-White,—,—,—,—,—,—,,,,,
Polish Red,Taurus,Poland,Meat,Dairy,Draught,—, https://upload.wikimedia.org/wikipedia/commons/thumb/5/54/Czerwone_krowy_-_01.JPG/1024px-Czerwone_krowy_-_01.JPG      ,,,,
Polled Hereford,Taurus,England,Meat,—,—,—, https://upload.wikimedia.org/wikipedia/commons/5/5a/PolledHereford_bull.jpg     ,,,,
Poll Shorthorn,Taurus,Australia,Meat,—,—,—,,,,,
Polled Shorthorn,Taurus,United States,Meat,—,—,—,,,,,
Ponwar,Indicus,India,—,—,Draught,—, https://upload.wikimedia.org/wikipedia/commons/thumb/1/18/Ponwar_01.JPG/1024px-Ponwar_01.JPG      ,,,,
Preta,Taurus,Portugal,Meat,—,Draught,—,,,,,
Prim'Holstein,Taurus,France,Meat,Dairy,—,—, https://upload.wikimedia.org/wikipedia/commons/thumb/a/a4/Prim%27Holstein_qui_se_gratte_03.jpg/1024px-Prim%27Holstein_qui_se_gratte_03.jpg      ,,,,
Punganur,Indicus,India,Meat,Dairy,Draught,—, https://upload.wikimedia.org/wikipedia/commons/b/b0/Punganur_bull.jpg      ,,,,
Pulikulam,Indicus,India,—,Dairy,Draught,Jallikattu,,,,,
Pustertaler Sprinzen,Taurus,—,Meat,—,—,—, https://upload.wikimedia.org/wikipedia/commons/7/71/Pustertaler_Schecke1.jpg      ,,,,
Breed,Subspecies,Country/region of origin,Meat,Dairy,Draught,Other,image2,,,,
Qinchaun,Taurus,China,Meat,—,Draught,—,,,,,
Queensland Miniature Boran,Taurus,—,Meat,—,—,Pets,,,,,
Breed,Subspecies,Country/region of origin,Meat,Dairy,Draught,Other,image2,,,,
Ramo Grande,Taurus,Portugal,Meat,Dairy,Draught,—, https://upload.wikimedia.org/wikipedia/commons/c/c6/Carro_de_Bois_com_o_condutor%2C_A%C3%A7ores%2C_Portugal.jpg      ,,,,
Randall,Taurus,United States,Meat,Dairy,Draught,—, https://upload.wikimedia.org/wikipedia/commons/0/0e/Randalloxteam.jpg      ,,,,
Raramuri Criollo,Taurus,"Chihuahua, Mexico",Meat,Dairy,—,—, https://upload.wikimedia.org/wikipedia/commons/thumb/e/ee/Raramuri_Criollo_Bulls_at_the_Jornada_Experimental_Range%2C_NM.jpg/1024px-Raramuri_Criollo_Bulls_at_the_Jornada_Experimental_Range%2C_NM.jpg      ,,,,
Rathi,Indicus,India,—,Dairy,Draught,Domestic, https://upload.wikimedia.org/wikipedia/commons/thumb/6/65/Rathi_01.JPG/1024px-Rathi_01.JPG      ,,,,
Rätisches Grauvieh,Taurus,Switzerland,Meat,Dairy,Draught,—,,,,,
Raya,—,Ethiopia,Meat,Dairy,Draught,—, https://upload.wikimedia.org/wikipedia/en/9/90/Raya_oxen_at_ploughing.jpg      ,,,,
Red Angus,Taurus,Scotland,Meat,Dairy,—,—, https://upload.wikimedia.org/wikipedia/commons/thumb/1/1a/Red-angus.jpg/1024px-Red-angus.jpg      ,,,,
Red Brangus,Taurus/Indicus hybrid,—,Meat,—,—,—, https://upload.wikimedia.org/wikipedia/commons/thumb/3/33/Red_Brangus_Bull.png/150px-Red_Brangus_Bull.png      ,,,,
Red Chittagong,Indicus,Bangladesh,—,—,Draught,Good reproductive performance,,,,,
Red Fulani,Taurus/Indicus hybrid,West Africa,Meat,—,—,—,,,,,
Red Gorbatov,Taurus,Russia,—,Dairy,—,—,,,,,
Red Holstein,Taurus,—,—,Dairy,—,—,,,,,
Red Kandhari,Indicus,India,—,—,Draught,Domestic, https://upload.wikimedia.org/wikipedia/commons/thumb/7/79/Red_Kandhari_01.JPG/1024px-Red_Kandhari_01.JPG      ,,,,
Red Mingrelian,,Georgia,Meat,Dairy,,,,,,,
Red Poll,Taurus,England,Meat,Dairy,—,—, https://upload.wikimedia.org/wikipedia/commons/thumb/4/4a/Red_Poll_heifers.JPG/1024px-Red_Poll_heifers.JPG      ,,,,
Red Polled Østland,Taurus,Norway,Meat,Dairy,—,—,,,,,
Red Sindhi,Indicus,Pakistan,Meat,Dairy,—,—,,,,,
Retinta,Taurus,—,Meat,—,Draught,—,,,,,
Riggit Galloway,Taurus,—,Meat,—,—,—, https://upload.wikimedia.org/wikipedia/commons/thumb/c/c8/Galloway.jpg/1024px-Galloway.jpg      ,,,,
Ringamåla,Taurus,Sweden,—,Dairy,—,—,,,,,
Rohjan,Indicus,—,Meat,—,Draught,—,,,,,
Romagnola,Taurus,Italy,Meat,—,Draught,—, https://upload.wikimedia.org/wikipedia/commons/thumb/9/92/Vacca_Romagnola_%283611366059%29.jpg/1024px-Vacca_Romagnola_%283611366059%29.jpg      ,,,,
Romanian Bălţata,—,Romania,—,—,—,—,,,,,
Romanian Steppe Gray,—,Romania,—,—,—,—,,,,,
Romosinuano,Taurus,Colombia,Meat,—,—,—, https://upload.wikimedia.org/wikipedia/commons/thumb/1/10/Romosinuano_cattle.jpg/1024px-Romosinuano_cattle.jpg      ,,,,
Russian Black Pied,Taurus,Russia,Meat,Dairy,Draught,—,,,,,
RX3,Taurus,—,Meat,—,—,—,,,,,
Breed,Subspecies,Country/region of origin,Meat,Dairy,Draught,Other,image2,,,,
Sahiwal,Indicus,Pakistan,Meat,Dairy,—,—, https://upload.wikimedia.org/wikipedia/commons/thumb/c/c4/Sahiwala_02.JPG/1024px-Sahiwala_02.JPG      ,,,,
Sibi Bhagnari,Zebu,"Sibi, Pakistan",Meat,—,Draught,Sibi Mela,,,,,
Salers,Taurus,France,Meat,—,Draught,—, https://upload.wikimedia.org/wikipedia/commons/1/1c/Vache_salers.jpg      ,,,,
Salorn,Taurus,—,Meat,—,—,—,,,,,
Sanga,Taurus/Indicus hybrid,—,Meat,—,—,—, https://upload.wikimedia.org/wikipedia/commons/c/c8/Watusi_Cattle1.jpg      ,,,,
Sanhe,Taurus/Mongolian hybrid,—,Meat,Dairy,Draught,—,,,,,
Santa Cruz,Taurus/Indicus hybrid,United States,Meat,—,—,—,,,,,
Santa Gertrudis,Taurus/Indicus hybrid,United States,Meat,—,—,—, https://upload.wikimedia.org/wikipedia/commons/thumb/e/e3/Santa_Gertrudis_bull.JPG/1024px-Santa_Gertrudis_bull.JPG      ,,,,
Sayaguesa,Taurus,Spain,Meat,—,Draught,—,,,,,
Schwyz,—,Switzerland,—,—,—,—,,,,,
Selembu,Gaur/Indicus hybrid,—,Meat,Dairy,—,—, https://upload.wikimedia.org/wikipedia/commons/thumb/7/76/Selembu.jpg/1024px-Selembu.jpg      ,,,,
Senepol,Taurus/Indicus hybrid,—,Meat,—,—,—, https://upload.wikimedia.org/wikipedia/commons/thumb/3/3c/Toro_25M.jpg/1024px-Toro_25M.jpg      ,,,,
Serbian Pied,Taurus,Serbia,—,Dairy,—,—,,,,,
Serbian Steppe,Taurus,Serbia,—,—,Draught,—,,,,,
Sheko,—,Ethiopia,—,—,—,—,,,,,
Shetland,Taurus,Scotland,Meat,—,Draught,—, https://upload.wikimedia.org/wikipedia/commons/1/13/Muscliff%2C_Shetland_Cattle_-_geograph.org.uk_-_734933.jpg      ,,,,
Shorthorn,Taurus,England,Meat,—,—,—, https://upload.wikimedia.org/wikipedia/commons/thumb/9/93/Red_Shorthorn_Bull_IMG_0077.jpg/1024px-Red_Shorthorn_Bull_IMG_0077.jpg      ,,,,
Siboney de Cuba,Taurus/Indicus hybrid,—,Meat,—,Draught,—, https://upload.wikimedia.org/wikipedia/commons/9/9f/SiboneydeCuba.JPG      ,,,,
Simbrah,Taurus/Indicus hybrid,—,Meat,—,—,—,,,,,
Simford,Taurus,—,Meat,—,—,—,,,,,
Simmental,Taurus,Switzerland,Meat,Dairy,Draught,—, https://upload.wikimedia.org/wikipedia/commons/thumb/a/a6/Simmentaler_Fleckvieh.jpg/1024px-Simmentaler_Fleckvieh.jpg      ,,,,
Siri,Zebu,Bhutan,—,Dairy,Draught,—,,,,,
South Devon,Taurus,England,Meat,Dairy,—,—, https://upload.wikimedia.org/wikipedia/commons/thumb/f/f5/South_Devon_cattle.JPG/1024px-South_Devon_cattle.JPG      ,,,,
Spanish Fighting Bull,Taurus,Spain,Meat,—,—,Sport, https://upload.wikimedia.org/wikipedia/commons/e/e7/El_Pilar_Bull_by_Alexander_Fiske-Harrison%2C_Seville_Feria_09.jpg      ,,,,
Speckle Park,Taurus,Canada,Meat,—,—,—, https://upload.wikimedia.org/wikipedia/commons/thumb/0/0a/Canadian_Speckle_Park.JPG/1024px-Canadian_Speckle_Park.JPG      ,,,,
Square Meater,Taurus,Australia,Meat,—,—,—, https://upload.wikimedia.org/wikipedia/commons/8/82/Square_Meater.jpg      ,,,,
Stabiliser,Taurus,United States,Meat,—,—,—, https://upload.wikimedia.org/wikipedia/commons/thumb/3/3b/Stabiliser_Cows.jpg/1024px-Stabiliser_Cows.jpg      ,,,,
Sussex,Taurus,England,Meat,—,—,—, https://upload.wikimedia.org/wikipedia/commons/thumb/f/f4/Sussex_cow_4.JPG/1024px-Sussex_cow_4.JPG      ,,,,
Swedish Friesian,Taurus,—,—,Dairy,—,—, https://upload.wikimedia.org/wikipedia/commons/9/9b/Svensk_L%C3%A5glandsboskap.jpg     ,,,,
Swedish Polled,Taurus,—,—,Dairy,—,—,,,,,
Swedish Red Pied,Taurus,—,—,Dairy,—,—,,,,,
Swedish Red Polled,Taurus,—,Meat,Dairy,—,—, https://upload.wikimedia.org/wikipedia/commons/thumb/d/d8/R%C3%B6dkull2.jpg/1024px-R%C3%B6dkull2.jpg      ,,,,
Swedish Red-and-White,Taurus,—,Meat,Dairy,—,—, https://upload.wikimedia.org/wikipedia/commons/thumb/d/d7/Svensk_r%C3%B6d_och_vit_boskap_%28SRB%29%2C_cropped.jpg/1024px-Svensk_r%C3%B6d_och_vit_boskap_%28SRB%29%2C_cropped.jpg      ,,,,
Breed,Subspecies,Country/region of origin,Meat,Dairy,Draught,Other,image2,,,,
Tabapuã,Indicus,Brazil,Meat,Dairy,Draught,—,,,,,
Tarentaise,Taurus,France,Meat,Dairy,—,—, https://upload.wikimedia.org/wikipedia/commons/5/5b/Vache-tarentaise-et-le-lac-de-roseland-ferme--6614e1T650.jpg      ,,,,
Tasmanian Grey,Taurus,—,Meat,—,—,—, https://upload.wikimedia.org/wikipedia/commons/c/ca/Tasmanian_Grey.jpg      ,,,,
Telemark,Taurus,Norway,Meat,Dairy,—,—, https://upload.wikimedia.org/wikipedia/commons/thumb/c/cc/Telemarksfe.jpg/1024px-Telemarksfe.jpg      ,,,,
Texas Longhorn,Taurus,United States,Meat,Dairy,—,—, https://upload.wikimedia.org/wikipedia/commons/thumb/8/81/Texas_Longhorn_cow.jpg/1024px-Texas_Longhorn_cow.jpg      ,,,,
Texon,Taurus,—,Meat,—,—,—,,,,,
Thai Black,Taurus/Indicus hybrid,Thailand,Meat,—,—,—,,,,,
Thai Fighting Bull,Indicus,Thailand,—,—,—,Sport,,,,,
Thai Friesian,Taurus/Indicus hybrid,Thailand,—,Dairy,—,—,,,,,
Thai Milking Zebu,Taurus/Indicus hybrid,Thailand,—,Dairy,—,—,,,,,
Tharparkar,Indicus,India/ Pakistan,—,Dairy,Draught,—, https://upload.wikimedia.org/wikipedia/commons/thumb/d/d5/Tharparkar_02.JPG/1024px-Tharparkar_02.JPG      ,,,,
Tswana,Taurus,Botswana,Meat,Dairy,—,—,,,,,
Tudanca,Taurus,Spain,Meat,Dairy,Draught,"Grazing projects, rewilding", https://upload.wikimedia.org/wikipedia/commons/thumb/c/c1/TudancaBull.JPG/1024px-TudancaBull.JPG      ,,,,
Tuli,Taurus,Zimbabwe,Meat,Dairy,—,—, https://upload.wikimedia.org/wikipedia/commons/c/cf/Tuli_Bull_Calf.jpg      ,,,,
Tulim,Taurus/Indicus hybrid,—,Meat,—,—,—,,,,,
Turkish Grey Steppe,Taurus,—,Meat,—,Draught,—,,,,,
Tux-Zillertal,Taurus,Austria,Meat,—,—,—, https://upload.wikimedia.org/wikipedia/commons/thumb/e/ee/TuxerRinder.JPG/1024px-TuxerRinder.JPG      ,,,,
Tyrol Grey,Taurus,Austria,Meat,,—,—, https://upload.wikimedia.org/wikipedia/commons/thumb/e/e7/Tiroler_Grauvieh01.jpg/1024px-Tiroler_Grauvieh01.jpg      ,,,,
Breed,Subspecies,Country/region of origin,Meat,Dairy,Draught,Other,image2,,,,
Umblachery,Indicus,India,—,Dairy,Draught,—, https://upload.wikimedia.org/wikipedia/commons/thumb/5/5e/Amblacheri_02.JPG/1024px-Amblacheri_02.JPG      ,,,,
Ukrainian Grey,Taurus,Ukraine,—,—,—,—,,,,,
Breed,Subspecies,Country/region of origin,Meat,Dairy,Draught,Other,image2,,,,
Valdostana Castana,—,Italy,—,—,—,—,,,,,
Valdostana Pezzata Nera,—,Italy,—,—,—,—,,,,,
Valdostana Pezzata Rossa,—,Italy,—,—,—,—,,,,,
Väneko,—,Sweden,—,—,—,—,,,,,
Vaynol,Taurus,Wales,Meat,—,—,—, https://upload.wikimedia.org/wikipedia/commons/5/5a/Vaynol_cow.png      ,,,,
Vechur,Indicus,India,—,Dairy,—,Milk and ghee traditionally used in Ayurvedic medicine. The protein content of the milk has anti-bacterial properties, https://upload.wikimedia.org/wikipedia/commons/thumb/e/e5/Vechur_Cow.jpg/1024px-Vechur_Cow.jpg      ,,,,
Vestland Fjord,Taurus,Norway,Meat,Dairy,—,—,,,,,
Vestland Red Polled,Taurus,Norway,Meat,Dairy,—,—,,,,,
Vianesa,Indicus,—,Meat,Dairy,—,—,,,,,
Volinian Beef,—,Ukraine,Meat,—,—,—,,,,,
Vorderwald,Taurus,Germany,Meat,Dairy,—,—, https://upload.wikimedia.org/wikipedia/commons/5/5b/Noe_vorderwaelder.jpg      ,,,,
Vosgienne,Taurus,France,Meat,Dairy,—,—,,,,,
Breed,Subspecies,Country/region of origin,Meat,Dairy,Draught,Other,image2,,,,
Waguli,Taurus,USA,Meat,—,—,—, https://upload.wikimedia.org/wikipedia/commons/thumb/a/a6/Waguli_CriolloX1.jpg/150px-Waguli_CriolloX1.jpg      ,,,,
Wangus,Taurus/Indicus hybrid,—,Meat,—,—,—,,,,,
Welsh Black,Taurus,Wales,Meat,—,—,—, https://upload.wikimedia.org/wikipedia/commons/thumb/e/e1/Welsh_Black_Cattle_Aberdare_Blog.jpg/1024px-Welsh_Black_Cattle_Aberdare_Blog.jpg      ,,,,
Western Finncattle,Taurus,Finland,Meat,Dairy,—,—,,,,,
White Cáceres,Taurus,—,Meat,—,Draught,—,,,,,
White Fulani,Indicus,—,Meat,—,—,—,,,,,
White Lamphun,Indicus,Thailand,—,—,Draught,—, https://upload.wikimedia.org/wikipedia/commons/1/19/White_Park.jpg      ,,,,
White Park,Taurus,Great Britain,Meat,Dairy,—,—,,,,,
Whitebred Shorthorn,Taurus,Great Britain,Meat,—,—,—,,,,,
Breed,Subspecies,Country/region of origin,Meat,Dairy,Draught,Other,image2,,,,
Xinjiang Brown,Taurus/Mongolian hybrid,—,Meat,Dairy,Draught,—,,,,,
Breed,Subspecies,Country/region of origin,Meat,Dairy,Draught,Other,image2,,,,
Yakutian,Taurus,Russia,Meat,Dairy,Draught,—,https://upload.wikimedia.org/wikipedia/commons/thumb/d/d7/Yakutian_Cattle_01_-_Head-on.jpeg/150px-Yakutian_Cattle_01_-_Head-on.jpeg,,,,
Yanbian,China,—,—,Draught,—,—,,,,,
Yanhuang,China,—,—,—,—,—,,,,,
Yurino,Taurus,Ukraine,—,—,—,—,,,,,
Breed,Subspecies,Country/region of origin,Meat,Dairy,Draught,Other,image2,,,,
Żubroń,Taurus/European bison hybrid,Poland,Meat,—,—,Science, https://upload.wikimedia.org/wikipedia/commons/thumb/b/b6/Zubron2.jpg/150px-Zubron2.jpg     ,,,,
Zebu,Indicus,—,Meat,Dairy,Draft,—,,,,,
